run_id,seed,model,persona,memory_type,temperature,risk_aversion,risk_aversion_level,aggressiveness,aggressiveness_level,profit_orientation,profit_orientation_level,timestamp,period,step,agent_id,agent_type,action,submitted_price,reservation_value,matched,trade_price,counterparty,profit
1,42,gemma3-27b,baseline,baseline,0.7,neutral,3,none,0,none,0,20260503_002624,1,1,S3,seller,ask,13,12,False,,,
1,42,gemma3-27b,baseline,baseline,0.7,neutral,3,none,0,none,0,20260503_002624,1,1,B18,buyer,bid,14,17,True,13,S3,4
1,42,gemma3-27b,baseline,baseline,0.7,neutral,3,none,0,none,0,20260503_002624,1,1,B9,buyer,bid,12,13,False,,,
1,42,gemma3-27b,baseline,baseline,0.7,neutral,3,none,0,none,0,20260503_002624,1,1,B16,buyer,bid,13,20,False,,,
1,42,gemma3-27b,baseline,baseline,0.7,neutral,3,none,0,none,0,20260503_002624,1,1,B12,buyer,bid,12,13,False,,,
1,42,gemma3-27b,baseline,baseline,0.7,neutral,3,none,0,none,0,20260503_002624,1,1,B21,buyer,bid,14,15,False,,,
1,42,gemma3-27b,baseline,baseline,0.7,neutral,3,none,0,none,0,20260503_002624,1,1,B6,buyer,bid,15,15,False,,,
1,42,gemma3-27b,baseline,baseline,0.7,neutral,3,none,0,none,0,20260503_002624,1,1,B20,buyer,bid,16,17,False,,,
1,42,gemma3-27b,baseline,baseline,0.7,neutral,3,none,0,none,0,20260503_002624,1,1,B11,buyer,bid,17,20,False,,,
1,42,gemma3-27b,baseline,baseline,0.7,neutral,3,none,0,none,0,20260503_002624,1,1,S2,seller,ask,13,12,True,17,B11,5
1,42,gemma3-27b,baseline,baseline,0.7,neutral,3,none,0,none,0,20260503_002624,1,1,S4,seller,ask,14,12,False,,,
1,42,gemma3-27b,baseline,baseline,0.7,neutral,3,none,0,none,0,20260503_002624,1,1,B23,buyer,bid,18,20,True,14,S4,6
1,42,gemma3-27b,baseline,baseline,0.7,neutral,3,none,0,none,0,20260503_002624,1,1,B7,buyer,bid,8,8,False,,,
1,42,gemma3-27b,baseline,baseline,0.7,neutral,3,none,0,none,0,20260503_002624,1,1,B10,buyer,bid,7,8,False,,,
1,42,gemma3-27b,baseline,baseline,0.7,neutral,3,none,0,none,0,20260503_002624,1,1,B19,buyer,bid,7,8,False,,,
1,42,gemma3-27b,baseline,baseline,0.7,neutral,3,none,0,none,0,20260503_002624,1,1,B2,buyer,bid,9,17,False,,,
1,42,gemma3-27b,baseline,baseline,0.7,neutral,3,none,0,none,0,20260503_002624,1,1,S1,seller,ask,13,12,False,,,
1,42,gemma3-27b,baseline,baseline,0.7,neutral,3,none,0,none,0,20260503_002624,1,1,B22,buyer,bid,18,20,True,13,S1,7
1,42,gemma3-27b,baseline,baseline,0.7,neutral,3,none,0,none,0,20260503_002624,1,2,B8,buyer,bid,15,15,False,,,
1,42,gemma3-27b,baseline,baseline,0.7,neutral,3,none,0,none,0,20260503_002624,1,2,B2,buyer,bid,16,17,False,,,
1,42,gemma3-27b,baseline,baseline,0.7,neutral,3,none,0,none,0,20260503_002624,1,2,S3,seller,ask,14,12,True,16,B2,4
1,42,gemma3-27b,baseline,baseline,0.7,neutral,3,none,0,none,0,20260503_002624,1,2,S2,seller,ask,16,12,False,,,
1,42,gemma3-27b,baseline,baseline,0.7,neutral,3,none,0,none,0,20260503_002624,1,2,S4,seller,ask,13,12,False,,,
1,42,gemma3-27b,baseline,baseline,0.7,neutral,3,none,0,none,0,20260503_002624,1,2,B16,buyer,bid,14,20,True,13,S4,7
1,42,gemma3-27b,baseline,baseline,0.7,neutral,3,none,0,none,0,20260503_002624,1,2,B10,buyer,bid,8,8,False,,,
1,42,gemma3-27b,baseline,baseline,0.7,neutral,3,none,0,none,0,20260503_002624,1,2,S1,seller,ask,12,12,False,,,
1,42,gemma3-27b,baseline,baseline,0.7,neutral,3,none,0,none,0,20260503_002624,1,2,B14,buyer,bid,17,17,True,12,S1,5
1,42,gemma3-27b,baseline,baseline,0.7,neutral,3,none,0,none,0,20260503_002624,1,2,B19,buyer,bid,8,8,False,,,
1,42,gemma3-27b,baseline,baseline,0.7,neutral,3,none,0,none,0,20260503_002624,1,2,B5,buyer,bid,9,13,False,,,
1,42,gemma3-27b,baseline,baseline,0.7,neutral,3,none,0,none,0,20260503_002624,1,2,B21,buyer,bid,15,15,False,,,
1,42,gemma3-27b,baseline,baseline,0.7,neutral,3,none,0,none,0,20260503_002624,1,2,B9,buyer,bid,13,13,False,,,
1,42,gemma3-27b,baseline,baseline,0.7,neutral,3,none,0,none,0,20260503_002624,1,2,B20,buyer,bid,17,17,False,,,
1,42,gemma3-27b,baseline,baseline,0.7,neutral,3,none,0,none,0,20260503_002624,1,2,B3,buyer,bid,8,8,False,,,
1,42,gemma3-27b,baseline,baseline,0.7,neutral,3,none,0,none,0,20260503_002624,1,3,B6,buyer,bid,15,15,False,,,
1,42,gemma3-27b,baseline,baseline,0.7,neutral,3,none,0,none,0,20260503_002624,1,3,B12,buyer,bid,13,13,False,,,
1,42,gemma3-27b,baseline,baseline,0.7,neutral,3,none,0,none,0,20260503_002624,1,3,S3,seller,ask,17,12,True,17,B20,5
1,42,gemma3-27b,baseline,baseline,0.7,neutral,3,none,0,none,0,20260503_002624,1,3,B1,buyer,bid,13,13,False,,,
1,42,gemma3-27b,baseline,baseline,0.7,neutral,3,none,0,none,0,20260503_002624,1,3,S4,seller,ask,12,12,True,13,B1,1
1,42,gemma3-27b,baseline,baseline,0.7,neutral,3,none,0,none,0,20260503_002624,1,3,B7,buyer,bid,8,8,False,,,
1,42,gemma3-27b,baseline,baseline,0.7,neutral,3,none,0,none,0,20260503_002624,1,3,B9,buyer,bid,9,13,False,,,
1,42,gemma3-27b,baseline,baseline,0.7,neutral,3,none,0,none,0,20260503_002624,1,3,S2,seller,ask,15,12,False,,,
1,42,gemma3-27b,baseline,baseline,0.7,neutral,3,none,0,none,0,20260503_002624,1,3,B15,buyer,bid,15,15,True,15,S2,0
1,42,gemma3-27b,baseline,baseline,0.7,neutral,3,none,0,none,0,20260503_002624,1,3,B5,buyer,bid,10,13,False,,,
1,42,gemma3-27b,baseline,baseline,0.7,neutral,3,none,0,none,0,20260503_002624,1,4,B10,buyer,bid,8,8,False,,,
1,42,gemma3-27b,baseline,baseline,0.7,neutral,3,none,0,none,0,20260503_002624,1,4,B12,buyer,bid,11,13,False,,,
1,42,gemma3-27b,baseline,baseline,0.7,neutral,3,none,0,none,0,20260503_002624,1,4,B3,buyer,bid,8,8,False,,,
1,42,gemma3-27b,baseline,baseline,0.7,neutral,3,none,0,none,0,20260503_002624,1,4,B19,buyer,bid,8,8,False,,,
1,42,gemma3-27b,baseline,baseline,0.7,neutral,3,none,0,none,0,20260503_002624,1,4,B5,buyer,bid,11,13,False,,,
1,42,gemma3-27b,baseline,baseline,0.7,neutral,3,none,0,none,0,20260503_002624,1,4,S3,seller,ask,18,12,False,,,
1,42,gemma3-27b,baseline,baseline,0.7,neutral,3,none,0,none,0,20260503_002624,1,4,S2,seller,ask,14,12,False,,,
1,42,gemma3-27b,baseline,baseline,0.7,neutral,3,none,0,none,0,20260503_002624,1,4,S1,seller,ask,13,12,False,,,
1,42,gemma3-27b,baseline,baseline,0.7,neutral,3,none,0,none,0,20260503_002624,1,4,B9,buyer,bid,12,13,False,,,
1,42,gemma3-27b,baseline,baseline,0.7,neutral,3,none,0,none,0,20260503_002624,1,5,S1,seller,ask,14,12,False,,,
1,42,gemma3-27b,baseline,baseline,0.7,neutral,3,none,0,none,0,20260503_002624,1,5,B9,buyer,bid,13,13,True,13,S1,0
1,42,gemma3-27b,baseline,baseline,0.7,neutral,3,none,0,none,0,20260503_002624,1,5,B21,buyer,bid,15,15,False,,,
1,42,gemma3-27b,baseline,baseline,0.7,neutral,3,none,0,none,0,20260503_002624,1,5,S2,seller,ask,13,12,True,15,B21,3
1,42,gemma3-27b,baseline,baseline,0.7,neutral,3,none,0,none,0,20260503_002624,1,5,B3,buyer,bid,8,8,False,,,
1,42,gemma3-27b,baseline,baseline,0.7,neutral,3,none,0,none,0,20260503_002624,1,5,B12,buyer,bid,12,13,False,,,
1,42,gemma3-27b,baseline,baseline,0.7,neutral,3,none,0,none,0,20260503_002624,1,5,B6,buyer,bid,13,15,False,,,
1,42,gemma3-27b,baseline,baseline,0.7,neutral,3,none,0,none,0,20260503_002624,1,5,S4,seller,ask,14,12,False,,,
1,42,gemma3-27b,baseline,baseline,0.7,neutral,3,none,0,none,0,20260503_002624,1,5,S3,seller,ask,19,12,False,,,
1,42,gemma3-27b,baseline,baseline,0.7,neutral,3,none,0,none,0,20260503_002624,1,5,B8,buyer,bid,14,15,True,14,S4,1
1,42,gemma3-27b,baseline,baseline,0.7,neutral,3,none,0,none,0,20260503_002624,1,5,B5,buyer,bid,12,13,False,,,
1,42,gemma3-27b,baseline,baseline,0.7,neutral,3,none,0,none,0,20260503_002624,1,6,B12,buyer,bid,13,13,False,,,
1,42,gemma3-27b,baseline,baseline,0.7,neutral,3,none,0,none,0,20260503_002624,1,6,S1,seller,ask,14,12,False,,,
1,42,gemma3-27b,baseline,baseline,0.7,neutral,3,none,0,none,0,20260503_002624,1,6,S3,seller,ask,18,12,False,,,
1,42,gemma3-27b,baseline,baseline,0.7,neutral,3,none,0,none,0,20260503_002624,1,6,B5,buyer,bid,13,13,False,,,
1,42,gemma3-27b,baseline,baseline,0.7,neutral,3,none,0,none,0,20260503_002624,1,6,S2,seller,ask,12,12,True,13,B12,1
1,42,gemma3-27b,baseline,baseline,0.7,neutral,3,none,0,none,0,20260503_002624,1,6,B7,buyer,bid,8,8,False,,,
1,42,gemma3-27b,baseline,baseline,0.7,neutral,3,none,0,none,0,20260503_002624,1,6,B10,buyer,bid,8,8,False,,,
1,42,gemma3-27b,baseline,baseline,0.7,neutral,3,none,0,none,0,20260503_002624,1,6,B6,buyer,bid,14,15,False,,,
1,42,gemma3-27b,baseline,baseline,0.7,neutral,3,none,0,none,0,20260503_002624,1,6,S4,seller,ask,15,12,False,,,
1,42,gemma3-27b,baseline,baseline,0.7,neutral,3,none,0,none,0,20260503_002624,1,6,B19,buyer,bid,8,8,False,,,
1,42,gemma3-27b,baseline,baseline,0.7,neutral,3,none,0,none,0,20260503_002624,1,7,S4,seller,ask,14,12,True,14,B6,2
1,42,gemma3-27b,baseline,baseline,0.7,neutral,3,none,0,none,0,20260503_002624,1,7,S1,seller,ask,13,12,False,,,
1,42,gemma3-27b,baseline,baseline,0.7,neutral,3,none,0,none,0,20260503_002624,1,7,S3,seller,ask,14,12,False,,,
1,42,gemma3-27b,baseline,baseline,0.7,neutral,3,none,0,none,0,20260503_002624,1,7,S2,seller,ask,12,12,False,,,
1,42,gemma3-27b,baseline,baseline,0.7,neutral,3,none,0,none,0,20260503_002624,1,8,S2,seller,ask,12,12,False,,,
1,42,gemma3-27b,baseline,baseline,0.7,neutral,3,none,0,none,0,20260503_002624,1,8,B19,buyer,bid,8,8,False,,,
1,42,gemma3-27b,baseline,baseline,0.7,neutral,3,none,0,none,0,20260503_002624,1,8,S1,seller,ask,12,12,False,,,
1,42,gemma3-27b,baseline,baseline,0.7,neutral,3,none,0,none,0,20260503_002624,1,8,S3,seller,ask,13,12,False,,,
1,42,gemma3-27b,baseline,baseline,0.7,neutral,3,none,0,none,0,20260503_002624,1,8,S4,seller,ask,12,12,False,,,
1,42,gemma3-27b,baseline,baseline,0.7,neutral,3,none,0,none,0,20260503_002624,1,10,S4,seller,ask,13,12,False,,,
1,42,gemma3-27b,baseline,baseline,0.7,neutral,3,none,0,none,0,20260503_002624,1,10,S2,seller,ask,13,12,False,,,
1,42,gemma3-27b,baseline,baseline,0.7,neutral,3,none,0,none,0,20260503_002624,1,10,S3,seller,ask,12,12,False,,,
1,42,gemma3-27b,baseline,baseline,0.7,neutral,3,none,0,none,0,20260503_002624,1,10,S1,seller,ask,13,12,False,,,
1,42,gemma3-27b,baseline,baseline,0.7,neutral,3,none,0,none,0,20260503_002624,1,11,S1,seller,ask,14,12,False,,,
1,42,gemma3-27b,baseline,baseline,0.7,neutral,3,none,0,none,0,20260503_002624,1,11,S4,seller,ask,12,12,False,,,
1,42,gemma3-27b,baseline,baseline,0.7,neutral,3,none,0,none,0,20260503_002624,1,11,S3,seller,ask,13,12,False,,,
1,42,gemma3-27b,baseline,baseline,0.7,neutral,3,none,0,none,0,20260503_002624,1,11,S2,seller,ask,12,12,False,,,
1,42,gemma3-27b,baseline,baseline,0.7,neutral,3,none,0,none,0,20260503_002624,2,1,B23,buyer,bid,15,15,False,,,
1,42,gemma3-27b,baseline,baseline,0.7,neutral,3,none,0,none,0,20260503_002624,2,1,B2,buyer,bid,16,20,False,,,
1,42,gemma3-27b,baseline,baseline,0.7,neutral,3,none,0,none,0,20260503_002624,2,1,B8,buyer,bid,17,20,False,,,
1,42,gemma3-27b,baseline,baseline,0.7,neutral,3,none,0,none,0,20260503_002624,2,1,S3,seller,ask,16,12,True,17,B8,5
1,42,gemma3-27b,baseline,baseline,0.7,neutral,3,none,0,none,0,20260503_002624,2,1,S2,seller,ask,16,12,False,,,
1,42,gemma3-27b,baseline,baseline,0.7,neutral,3,none,0,none,0,20260503_002624,2,1,S1,seller,ask,15,12,False,,,
1,42,gemma3-27b,baseline,baseline,0.7,neutral,3,none,0,none,0,20260503_002624,2,1,B22,buyer,bid,16,17,True,15,S1,2
1,42,gemma3-27b,baseline,baseline,0.7,neutral,3,none,0,none,0,20260503_002624,2,1,B19,buyer,bid,16,17,False,,,
1,42,gemma3-27b,baseline,baseline,0.7,neutral,3,none,0,none,0,20260503_002624,2,1,B3,buyer,bid,17,20,False,,,
1,42,gemma3-27b,baseline,baseline,0.7,neutral,3,none,0,none,0,20260503_002624,2,1,B20,buyer,bid,18,20,False,,,
1,42,gemma3-27b,baseline,baseline,0.7,neutral,3,none,0,none,0,20260503_002624,2,1,S4,seller,ask,16,12,True,18,B20,6
1,42,gemma3-27b,baseline,baseline,0.7,neutral,3,none,0,none,0,20260503_002624,2,2,B4,buyer,bid,13,13,False,,,
1,42,gemma3-27b,baseline,baseline,0.7,neutral,3,none,0,none,0,20260503_002624,2,2,S1,seller,ask,14,12,False,,,
1,42,gemma3-27b,baseline,baseline,0.7,neutral,3,none,0,none,0,20260503_002624,2,2,B21,buyer,bid,14,15,True,14,S1,1
1,42,gemma3-27b,baseline,baseline,0.7,neutral,3,none,0,none,0,20260503_002624,2,2,B24,buyer,bid,8,8,False,,,
1,42,gemma3-27b,baseline,baseline,0.7,neutral,3,none,0,none,0,20260503_002624,2,2,B3,buyer,bid,18,20,False,,,
1,42,gemma3-27b,baseline,baseline,0.7,neutral,3,none,0,none,0,20260503_002624,2,2,S3,seller,ask,15,12,True,18,B3,6
1,42,gemma3-27b,baseline,baseline,0.7,neutral,3,none,0,none,0,20260503_002624,2,2,B19,buyer,bid,17,17,False,,,
1,42,gemma3-27b,baseline,baseline,0.7,neutral,3,none,0,none,0,20260503_002624,2,2,B1,buyer,bid,17,17,False,,,
1,42,gemma3-27b,baseline,baseline,0.7,neutral,3,none,0,none,0,20260503_002624,2,2,B16,buyer,bid,17,17,False,,,
1,42,gemma3-27b,baseline,baseline,0.7,neutral,3,none,0,none,0,20260503_002624,2,2,S2,seller,ask,15,12,True,17,B19,5
1,42,gemma3-27b,baseline,baseline,0.7,neutral,3,none,0,none,0,20260503_002624,2,2,B14,buyer,bid,13,13,False,,,
1,42,gemma3-27b,baseline,baseline,0.7,neutral,3,none,0,none,0,20260503_002624,2,2,B2,buyer,bid,17,20,False,,,
1,42,gemma3-27b,baseline,baseline,0.7,neutral,3,none,0,none,0,20260503_002624,2,2,S4,seller,ask,17,12,True,17,B2,5
1,42,gemma3-27b,baseline,baseline,0.7,neutral,3,none,0,none,0,20260503_002624,2,2,B5,buyer,bid,8,8,False,,,
1,42,gemma3-27b,baseline,baseline,0.7,neutral,3,none,0,none,0,20260503_002624,2,2,B17,buyer,bid,15,15,False,,,
1,42,gemma3-27b,baseline,baseline,0.7,neutral,3,none,0,none,0,20260503_002624,2,3,B6,buyer,bid,15,15,False,,,
1,42,gemma3-27b,baseline,baseline,0.7,neutral,3,none,0,none,0,20260503_002624,2,3,S2,seller,ask,14,12,True,15,B17,3
1,42,gemma3-27b,baseline,baseline,0.7,neutral,3,none,0,none,0,20260503_002624,2,3,S1,seller,ask,13,12,False,,,
1,42,gemma3-27b,baseline,baseline,0.7,neutral,3,none,0,none,0,20260503_002624,2,3,S3,seller,ask,14,12,False,,,
1,42,gemma3-27b,baseline,baseline,0.7,neutral,3,none,0,none,0,20260503_002624,2,3,B9,buyer,bid,13,13,True,13,S1,0
1,42,gemma3-27b,baseline,baseline,0.7,neutral,3,none,0,none,0,20260503_002624,2,3,B24,buyer,bid,8,8,False,,,
1,42,gemma3-27b,baseline,baseline,0.7,neutral,3,none,0,none,0,20260503_002624,2,3,B23,buyer,bid,15,15,False,,,
1,42,gemma3-27b,baseline,baseline,0.7,neutral,3,none,0,none,0,20260503_002624,2,3,S4,seller,ask,16,12,False,,,
1,42,gemma3-27b,baseline,baseline,0.7,neutral,3,none,0,none,0,20260503_002624,2,3,B7,buyer,bid,13,13,False,,,
1,42,gemma3-27b,baseline,baseline,0.7,neutral,3,none,0,none,0,20260503_002624,2,3,B1,buyer,bid,16,17,True,16,S4,1
1,42,gemma3-27b,baseline,baseline,0.7,neutral,3,none,0,none,0,20260503_002624,2,3,B15,buyer,bid,8,8,False,,,
1,42,gemma3-27b,baseline,baseline,0.7,neutral,3,none,0,none,0,20260503_002624,2,4,B16,buyer,bid,17,17,False,,,
1,42,gemma3-27b,baseline,baseline,0.7,neutral,3,none,0,none,0,20260503_002624,2,4,B4,buyer,bid,13,13,False,,,
1,42,gemma3-27b,baseline,baseline,0.7,neutral,3,none,0,none,0,20260503_002624,2,4,B23,buyer,bid,14,15,False,,,
1,42,gemma3-27b,baseline,baseline,0.7,neutral,3,none,0,none,0,20260503_002624,2,4,S1,seller,ask,12,12,True,17,B16,5
1,42,gemma3-27b,baseline,baseline,0.7,neutral,3,none,0,none,0,20260503_002624,2,4,S4,seller,ask,15,12,False,,,
1,42,gemma3-27b,baseline,baseline,0.7,neutral,3,none,0,none,0,20260503_002624,2,4,B14,buyer,bid,13,13,False,,,
1,42,gemma3-27b,baseline,baseline,0.7,neutral,3,none,0,none,0,20260503_002624,2,4,S2,seller,ask,13,12,True,13,B14,1
1,42,gemma3-27b,baseline,baseline,0.7,neutral,3,none,0,none,0,20260503_002624,2,4,S3,seller,ask,13,12,False,,,
1,42,gemma3-27b,baseline,baseline,0.7,neutral,3,none,0,none,0,20260503_002624,2,5,S1,seller,ask,16,12,False,,,
1,42,gemma3-27b,baseline,baseline,0.7,neutral,3,none,0,none,0,20260503_002624,2,5,B6,buyer,bid,14,15,True,13,S3,2
1,42,gemma3-27b,baseline,baseline,0.7,neutral,3,none,0,none,0,20260503_002624,2,5,S4,seller,ask,14,12,False,,,
1,42,gemma3-27b,baseline,baseline,0.7,neutral,3,none,0,none,0,20260503_002624,2,5,S3,seller,ask,12,12,False,,,
1,42,gemma3-27b,baseline,baseline,0.7,neutral,3,none,0,none,0,20260503_002624,2,5,S2,seller,ask,12,12,False,,,
1,42,gemma3-27b,baseline,baseline,0.7,neutral,3,none,0,none,0,20260503_002624,2,5,B7,buyer,bid,13,13,True,12,S3,1
1,42,gemma3-27b,baseline,baseline,0.7,neutral,3,none,0,none,0,20260503_002624,2,5,B23,buyer,bid,15,15,False,,,
1,42,gemma3-27b,baseline,baseline,0.7,neutral,3,none,0,none,0,20260503_002624,2,6,S1,seller,ask,15,12,True,15,B23,3
1,42,gemma3-27b,baseline,baseline,0.7,neutral,3,none,0,none,0,20260503_002624,2,6,S4,seller,ask,13,12,False,,,
1,42,gemma3-27b,baseline,baseline,0.7,neutral,3,none,0,none,0,20260503_002624,2,6,B4,buyer,bid,13,13,True,13,S4,0
1,42,gemma3-27b,baseline,baseline,0.7,neutral,3,none,0,none,0,20260503_002624,3,1,B7,buyer,bid,13,17,False,,,
1,42,gemma3-27b,baseline,baseline,0.7,neutral,3,none,0,none,0,20260503_002624,3,1,B18,buyer,bid,0,0,False,,,
1,42,gemma3-27b,baseline,baseline,0.7,neutral,3,none,0,none,0,20260503_002624,3,1,S3,seller,ask,13,12,True,13,B7,1
1,42,gemma3-27b,baseline,baseline,0.7,neutral,3,none,0,none,0,20260503_002624,3,1,B3,buyer,bid,14,15,False,,,
1,42,gemma3-27b,baseline,baseline,0.7,neutral,3,none,0,none,0,20260503_002624,3,1,S2,seller,ask,13,12,True,14,B3,2
1,42,gemma3-27b,baseline,baseline,0.7,neutral,3,none,0,none,0,20260503_002624,3,1,B15,buyer,bid,16,20,False,,,
1,42,gemma3-27b,baseline,baseline,0.7,neutral,3,none,0,none,0,20260503_002624,3,1,B11,buyer,bid,17,20,False,,,
1,42,gemma3-27b,baseline,baseline,0.7,neutral,3,none,0,none,0,20260503_002624,3,1,B23,buyer,bid,18,20,False,,,
1,42,gemma3-27b,baseline,baseline,0.7,neutral,3,none,0,none,0,20260503_002624,3,1,S4,seller,ask,17,12,True,18,B23,6
1,42,gemma3-27b,baseline,baseline,0.7,neutral,3,none,0,none,0,20260503_002624,3,1,S1,seller,ask,13,12,False,,,
1,42,gemma3-27b,baseline,baseline,0.7,neutral,3,none,0,none,0,20260503_002624,3,1,B1,buyer,bid,19,20,True,13,S1,7
1,42,gemma3-27b,baseline,baseline,0.7,neutral,3,none,0,none,0,20260503_002624,3,2,B11,buyer,bid,18,20,False,,,
1,42,gemma3-27b,baseline,baseline,0.7,neutral,3,none,0,none,0,20260503_002624,3,2,B5,buyer,bid,15,15,False,,,
1,42,gemma3-27b,baseline,baseline,0.7,neutral,3,none,0,none,0,20260503_002624,3,2,S4,seller,ask,17,12,True,18,B11,6
1,42,gemma3-27b,baseline,baseline,0.7,neutral,3,none,0,none,0,20260503_002624,3,2,B21,buyer,bid,8,8,False,,,
1,42,gemma3-27b,baseline,baseline,0.7,neutral,3,none,0,none,0,20260503_002624,3,2,S3,seller,ask,12,12,False,,,
1,42,gemma3-27b,baseline,baseline,0.7,neutral,3,none,0,none,0,20260503_002624,3,2,B13,buyer,bid,13,13,True,12,S3,1
1,42,gemma3-27b,baseline,baseline,0.7,neutral,3,none,0,none,0,20260503_002624,3,2,S1,seller,ask,12,12,False,,,
1,42,gemma3-27b,baseline,baseline,0.7,neutral,3,none,0,none,0,20260503_002624,3,2,B4,buyer,bid,16,17,True,12,S1,5
1,42,gemma3-27b,baseline,baseline,0.7,neutral,3,none,0,none,0,20260503_002624,3,2,B17,buyer,bid,17,17,False,,,
1,42,gemma3-27b,baseline,baseline,0.7,neutral,3,none,0,none,0,20260503_002624,3,2,S2,seller,ask,13,12,True,17,B17,5
1,42,gemma3-27b,baseline,baseline,0.7,neutral,3,none,0,none,0,20260503_002624,3,2,B15,buyer,bid,18,20,False,,,
1,42,gemma3-27b,baseline,baseline,0.7,neutral,3,none,0,none,0,20260503_002624,3,2,B9,buyer,bid,13,13,False,,,
1,42,gemma3-27b,baseline,baseline,0.7,neutral,3,none,0,none,0,20260503_002624,3,2,B2,buyer,bid,17,17,False,,,
1,42,gemma3-27b,baseline,baseline,0.7,neutral,3,none,0,none,0,20260503_002624,3,2,B22,buyer,bid,15,15,False,,,
1,42,gemma3-27b,baseline,baseline,0.7,neutral,3,none,0,none,0,20260503_002624,3,3,S4,seller,ask,16,12,True,18,B15,6
1,42,gemma3-27b,baseline,baseline,0.7,neutral,3,none,0,none,0,20260503_002624,3,3,B14,buyer,bid,13,13,False,,,
1,42,gemma3-27b,baseline,baseline,0.7,neutral,3,none,0,none,0,20260503_002624,3,3,S2,seller,ask,16,12,False,,,
1,42,gemma3-27b,baseline,baseline,0.7,neutral,3,none,0,none,0,20260503_002624,3,3,B22,buyer,bid,14,15,False,,,
1,42,gemma3-27b,baseline,baseline,0.7,neutral,3,none,0,none,0,20260503_002624,3,3,B6,buyer,bid,13,13,False,,,
1,42,gemma3-27b,baseline,baseline,0.7,neutral,3,none,0,none,0,20260503_002624,3,3,B19,buyer,bid,15,15,False,,,
1,42,gemma3-27b,baseline,baseline,0.7,neutral,3,none,0,none,0,20260503_002624,3,3,B2,buyer,bid,16,17,True,16,S2,1
1,42,gemma3-27b,baseline,baseline,0.7,neutral,3,none,0,none,0,20260503_002624,3,4,S1,seller,ask,13,12,False,,,
1,42,gemma3-27b,baseline,baseline,0.7,neutral,3,none,0,none,0,20260503_002624,3,4,B9,buyer,bid,13,13,True,13,S1,0
1,42,gemma3-27b,baseline,baseline,0.7,neutral,3,none,0,none,0,20260503_002624,3,4,S2,seller,ask,15,12,False,,,
1,42,gemma3-27b,baseline,baseline,0.7,neutral,3,none,0,none,0,20260503_002624,3,4,S4,seller,ask,15,12,False,,,
1,42,gemma3-27b,baseline,baseline,0.7,neutral,3,none,0,none,0,20260503_002624,3,4,B5,buyer,bid,15,15,True,15,S2,0
1,42,gemma3-27b,baseline,baseline,0.7,neutral,3,none,0,none,0,20260503_002624,3,4,S3,seller,ask,13,12,False,,,
1,42,gemma3-27b,baseline,baseline,0.7,neutral,3,none,0,none,0,20260503_002624,3,4,B22,buyer,bid,13,15,True,13,S3,2
1,42,gemma3-27b,baseline,baseline,0.7,neutral,3,none,0,none,0,20260503_002624,3,5,B10,buyer,bid,8,8,False,,,
1,42,gemma3-27b,baseline,baseline,0.7,neutral,3,none,0,none,0,20260503_002624,3,5,S3,seller,ask,13,12,False,,,
1,42,gemma3-27b,baseline,baseline,0.7,neutral,3,none,0,none,0,20260503_002624,3,5,S4,seller,ask,14,12,False,,,
1,42,gemma3-27b,baseline,baseline,0.7,neutral,3,none,0,none,0,20260503_002624,3,5,S1,seller,ask,14,12,False,,,
1,42,gemma3-27b,baseline,baseline,0.7,neutral,3,none,0,none,0,20260503_002624,3,5,S2,seller,ask,14,12,False,,,
1,42,gemma3-27b,baseline,baseline,0.7,neutral,3,none,0,none,0,20260503_002624,3,5,B6,buyer,bid,13,13,True,13,S3,0
1,42,gemma3-27b,baseline,baseline,0.7,neutral,3,none,0,none,0,20260503_002624,3,6,S3,seller,ask,13,12,False,,,
1,42,gemma3-27b,baseline,baseline,0.7,neutral,3,none,0,none,0,20260503_002624,3,6,S2,seller,ask,13,12,False,,,
1,42,gemma3-27b,baseline,baseline,0.7,neutral,3,none,0,none,0,20260503_002624,3,6,B20,buyer,bid,8,8,False,,,
1,42,gemma3-27b,baseline,baseline,0.7,neutral,3,none,0,none,0,20260503_002624,3,6,S4,seller,ask,13,12,False,,,
1,42,gemma3-27b,baseline,baseline,0.7,neutral,3,none,0,none,0,20260503_002624,3,6,S1,seller,ask,12,12,False,,,
1,42,gemma3-27b,baseline,baseline,0.7,neutral,3,none,0,none,0,20260503_002624,3,7,B14,buyer,bid,12,13,True,12,S1,1
1,42,gemma3-27b,baseline,baseline,0.7,neutral,3,none,0,none,0,20260503_002624,3,7,S3,seller,ask,13,12,False,,,
1,42,gemma3-27b,baseline,baseline,0.7,neutral,3,none,0,none,0,20260503_002624,3,7,S4,seller,ask,12,12,False,,,
1,42,gemma3-27b,baseline,baseline,0.7,neutral,3,none,0,none,0,20260503_002624,3,7,B19,buyer,bid,13,15,True,12,S4,3
2,43,gemma3-27b,baseline,baseline,0.7,neutral,3,none,0,none,0,20260503_002624,1,1,S2,seller,ask,13,12,False,,,
2,43,gemma3-27b,baseline,baseline,0.7,neutral,3,none,0,none,0,20260503_002624,1,1,B24,buyer,bid,14,20,True,13,S2,7
2,43,gemma3-27b,baseline,baseline,0.7,neutral,3,none,0,none,0,20260503_002624,1,1,B10,buyer,bid,7,8,False,,,
2,43,gemma3-27b,baseline,baseline,0.7,neutral,3,none,0,none,0,20260503_002624,1,1,B3,buyer,bid,8,17,False,,,
2,43,gemma3-27b,baseline,baseline,0.7,neutral,3,none,0,none,0,20260503_002624,1,1,B14,buyer,bid,9,17,False,,,
2,43,gemma3-27b,baseline,baseline,0.7,neutral,3,none,0,none,0,20260503_002624,1,1,B20,buyer,bid,10,15,False,,,
2,43,gemma3-27b,baseline,baseline,0.7,neutral,3,none,0,none,0,20260503_002624,1,1,B8,buyer,bid,11,15,False,,,
2,43,gemma3-27b,baseline,baseline,0.7,neutral,3,none,0,none,0,20260503_002624,1,1,B17,buyer,bid,12,13,False,,,
2,43,gemma3-27b,baseline,baseline,0.7,neutral,3,none,0,none,0,20260503_002624,1,1,B21,buyer,bid,13,13,False,,,
2,43,gemma3-27b,baseline,baseline,0.7,neutral,3,none,0,none,0,20260503_002624,1,1,B11,buyer,bid,12,13,False,,,
2,43,gemma3-27b,baseline,baseline,0.7,neutral,3,none,0,none,0,20260503_002624,1,1,S1,seller,ask,13,12,True,13,B21,1
2,43,gemma3-27b,baseline,baseline,0.7,neutral,3,none,0,none,0,20260503_002624,1,1,S3,seller,ask,13,12,False,,,
2,43,gemma3-27b,baseline,baseline,0.7,neutral,3,none,0,none,0,20260503_002624,1,1,B19,buyer,bid,14,20,True,13,S3,7
2,43,gemma3-27b,baseline,baseline,0.7,neutral,3,none,0,none,0,20260503_002624,1,1,B23,buyer,bid,14,15,False,,,
2,43,gemma3-27b,baseline,baseline,0.7,neutral,3,none,0,none,0,20260503_002624,1,1,B15,buyer,bid,15,15,False,,,
2,43,gemma3-27b,baseline,baseline,0.7,neutral,3,none,0,none,0,20260503_002624,1,1,B22,buyer,bid,16,17,False,,,
2,43,gemma3-27b,baseline,baseline,0.7,neutral,3,none,0,none,0,20260503_002624,1,1,B16,buyer,bid,17,20,False,,,
2,43,gemma3-27b,baseline,baseline,0.7,neutral,3,none,0,none,0,20260503_002624,1,1,B1,buyer,bid,18,20,False,,,
2,43,gemma3-27b,baseline,baseline,0.7,neutral,3,none,0,none,0,20260503_002624,1,1,S4,seller,ask,13,12,True,18,B1,6
2,43,gemma3-27b,baseline,baseline,0.7,neutral,3,none,0,none,0,20260503_002624,1,2,B11,buyer,bid,13,13,False,,,
2,43,gemma3-27b,baseline,baseline,0.7,neutral,3,none,0,none,0,20260503_002624,1,2,B2,buyer,bid,8,8,False,,,
2,43,gemma3-27b,baseline,baseline,0.7,neutral,3,none,0,none,0,20260503_002624,1,2,S4,seller,ask,17,12,False,,,
2,43,gemma3-27b,baseline,baseline,0.7,neutral,3,none,0,none,0,20260503_002624,1,2,S3,seller,ask,12,12,True,13,B11,1
2,43,gemma3-27b,baseline,baseline,0.7,neutral,3,none,0,none,0,20260503_002624,1,2,B20,buyer,bid,11,15,False,,,
2,43,gemma3-27b,baseline,baseline,0.7,neutral,3,none,0,none,0,20260503_002624,1,2,B6,buyer,bid,8,8,False,,,
2,43,gemma3-27b,baseline,baseline,0.7,neutral,3,none,0,none,0,20260503_002624,1,2,B12,buyer,bid,17,17,False,,,
2,43,gemma3-27b,baseline,baseline,0.7,neutral,3,none,0,none,0,20260503_002624,1,2,B8,buyer,bid,12,15,False,,,
2,43,gemma3-27b,baseline,baseline,0.7,neutral,3,none,0,none,0,20260503_002624,1,2,S2,seller,ask,12,12,True,17,B12,5
2,43,gemma3-27b,baseline,baseline,0.7,neutral,3,none,0,none,0,20260503_002624,1,2,B16,buyer,bid,18,20,False,,,
2,43,gemma3-27b,baseline,baseline,0.7,neutral,3,none,0,none,0,20260503_002624,1,2,B10,buyer,bid,8,8,False,,,
2,43,gemma3-27b,baseline,baseline,0.7,neutral,3,none,0,none,0,20260503_002624,1,2,B14,buyer,bid,10,17,False,,,
2,43,gemma3-27b,baseline,baseline,0.7,neutral,3,none,0,none,0,20260503_002624,1,2,B9,buyer,bid,13,13,False,,,
2,43,gemma3-27b,baseline,baseline,0.7,neutral,3,none,0,none,0,20260503_002624,1,2,B17,buyer,bid,13,13,False,,,
2,43,gemma3-27b,baseline,baseline,0.7,neutral,3,none,0,none,0,20260503_002624,1,2,B22,buyer,bid,17,17,False,,,
2,43,gemma3-27b,baseline,baseline,0.7,neutral,3,none,0,none,0,20260503_002624,1,2,S1,seller,ask,14,12,True,18,B16,6
2,43,gemma3-27b,baseline,baseline,0.7,neutral,3,none,0,none,0,20260503_002624,1,2,B5,buyer,bid,7,8,False,,,
2,43,gemma3-27b,baseline,baseline,0.7,neutral,3,none,0,none,0,20260503_002624,1,2,B3,buyer,bid,9,17,False,,,
2,43,gemma3-27b,baseline,baseline,0.7,neutral,3,none,0,none,0,20260503_002624,1,3,B5,buyer,bid,8,8,False,,,
2,43,gemma3-27b,baseline,baseline,0.7,neutral,3,none,0,none,0,20260503_002624,1,3,S3,seller,ask,12,12,False,,,
2,43,gemma3-27b,baseline,baseline,0.7,neutral,3,none,0,none,0,20260503_002624,1,3,S4,seller,ask,16,12,False,,,
2,43,gemma3-27b,baseline,baseline,0.7,neutral,3,none,0,none,0,20260503_002624,1,3,B23,buyer,bid,13,15,True,12,S3,3
2,43,gemma3-27b,baseline,baseline,0.7,neutral,3,none,0,none,0,20260503_002624,1,3,B14,buyer,bid,11,17,False,,,
2,43,gemma3-27b,baseline,baseline,0.7,neutral,3,none,0,none,0,20260503_002624,1,3,B20,buyer,bid,12,15,False,,,
2,43,gemma3-27b,baseline,baseline,0.7,neutral,3,none,0,none,0,20260503_002624,1,3,B3,buyer,bid,10,17,False,,,
2,43,gemma3-27b,baseline,baseline,0.7,neutral,3,none,0,none,0,20260503_002624,1,3,S1,seller,ask,15,12,False,,,
2,43,gemma3-27b,baseline,baseline,0.7,neutral,3,none,0,none,0,20260503_002624,1,3,B15,buyer,bid,14,15,False,,,
2,43,gemma3-27b,baseline,baseline,0.7,neutral,3,none,0,none,0,20260503_002624,1,3,B8,buyer,bid,15,15,True,15,S1,0
2,43,gemma3-27b,baseline,baseline,0.7,neutral,3,none,0,none,0,20260503_002624,1,4,B17,buyer,bid,13,13,False,,,
2,43,gemma3-27b,baseline,baseline,0.7,neutral,3,none,0,none,0,20260503_002624,1,4,B3,buyer,bid,14,17,False,,,
2,43,gemma3-27b,baseline,baseline,0.7,neutral,3,none,0,none,0,20260503_002624,1,4,S1,seller,ask,16,12,False,,,
2,43,gemma3-27b,baseline,baseline,0.7,neutral,3,none,0,none,0,20260503_002624,1,4,B10,buyer,bid,8,8,False,,,
2,43,gemma3-27b,baseline,baseline,0.7,neutral,3,none,0,none,0,20260503_002624,1,4,B15,buyer,bid,15,15,False,,,
2,43,gemma3-27b,baseline,baseline,0.7,neutral,3,none,0,none,0,20260503_002624,1,4,B9,buyer,bid,13,13,False,,,
2,43,gemma3-27b,baseline,baseline,0.7,neutral,3,none,0,none,0,20260503_002624,1,4,B14,buyer,bid,12,17,False,,,
2,43,gemma3-27b,baseline,baseline,0.7,neutral,3,none,0,none,0,20260503_002624,1,4,S2,seller,ask,16,12,False,,,
2,43,gemma3-27b,baseline,baseline,0.7,neutral,3,none,0,none,0,20260503_002624,1,4,B6,buyer,bid,8,8,False,,,
2,43,gemma3-27b,baseline,baseline,0.7,neutral,3,none,0,none,0,20260503_002624,1,4,B22,buyer,bid,17,17,True,16,S1,1
2,43,gemma3-27b,baseline,baseline,0.7,neutral,3,none,0,none,0,20260503_002624,1,4,S4,seller,ask,15,12,False,,,
2,43,gemma3-27b,baseline,baseline,0.7,neutral,3,none,0,none,0,20260503_002624,1,4,B20,buyer,bid,13,15,False,,,
2,43,gemma3-27b,baseline,baseline,0.7,neutral,3,none,0,none,0,20260503_002624,1,5,S4,seller,ask,14,12,False,,,
2,43,gemma3-27b,baseline,baseline,0.7,neutral,3,none,0,none,0,20260503_002624,1,5,B17,buyer,bid,13,13,False,,,
2,43,gemma3-27b,baseline,baseline,0.7,neutral,3,none,0,none,0,20260503_002624,1,5,B3,buyer,bid,15,17,True,14,S4,3
2,43,gemma3-27b,baseline,baseline,0.7,neutral,3,none,0,none,0,20260503_002624,1,5,S3,seller,ask,12,12,False,,,
2,43,gemma3-27b,baseline,baseline,0.7,neutral,3,none,0,none,0,20260503_002624,1,5,S2,seller,ask,15,12,False,,,
2,43,gemma3-27b,baseline,baseline,0.7,neutral,3,none,0,none,0,20260503_002624,1,5,B20,buyer,bid,14,15,True,12,S3,3
2,43,gemma3-27b,baseline,baseline,0.7,neutral,3,none,0,none,0,20260503_002624,1,5,B14,buyer,bid,13,17,False,,,
2,43,gemma3-27b,baseline,baseline,0.7,neutral,3,none,0,none,0,20260503_002624,1,5,S1,seller,ask,17,12,False,,,
2,43,gemma3-27b,baseline,baseline,0.7,neutral,3,none,0,none,0,20260503_002624,1,5,B5,buyer,bid,7,8,False,,,
2,43,gemma3-27b,baseline,baseline,0.7,neutral,3,none,0,none,0,20260503_002624,1,6,B14,buyer,bid,14,17,False,,,
2,43,gemma3-27b,baseline,baseline,0.7,neutral,3,none,0,none,0,20260503_002624,1,6,S2,seller,ask,14,12,True,14,B14,2
2,43,gemma3-27b,baseline,baseline,0.7,neutral,3,none,0,none,0,20260503_002624,1,6,B15,buyer,bid,15,15,False,,,
2,43,gemma3-27b,baseline,baseline,0.7,neutral,3,none,0,none,0,20260503_002624,1,6,B9,buyer,bid,13,13,False,,,
2,43,gemma3-27b,baseline,baseline,0.7,neutral,3,none,0,none,0,20260503_002624,1,6,B6,buyer,bid,8,8,False,,,
2,43,gemma3-27b,baseline,baseline,0.7,neutral,3,none,0,none,0,20260503_002624,1,6,B10,buyer,bid,8,8,False,,,
2,43,gemma3-27b,baseline,baseline,0.7,neutral,3,none,0,none,0,20260503_002624,1,6,S3,seller,ask,12,12,True,15,B15,3
2,43,gemma3-27b,baseline,baseline,0.7,neutral,3,none,0,none,0,20260503_002624,1,6,S1,seller,ask,18,12,False,,,
2,43,gemma3-27b,baseline,baseline,0.7,neutral,3,none,0,none,0,20260503_002624,1,6,S4,seller,ask,13,12,False,,,
2,43,gemma3-27b,baseline,baseline,0.7,neutral,3,none,0,none,0,20260503_002624,1,7,B17,buyer,bid,13,13,True,13,S4,0
2,43,gemma3-27b,baseline,baseline,0.7,neutral,3,none,0,none,0,20260503_002624,1,7,S3,seller,ask,14,12,False,,,
2,43,gemma3-27b,baseline,baseline,0.7,neutral,3,none,0,none,0,20260503_002624,1,7,S4,seller,ask,12,12,False,,,
2,43,gemma3-27b,baseline,baseline,0.7,neutral,3,none,0,none,0,20260503_002624,1,7,S1,seller,ask,19,12,False,,,
2,43,gemma3-27b,baseline,baseline,0.7,neutral,3,none,0,none,0,20260503_002624,1,7,S2,seller,ask,13,12,False,,,
2,43,gemma3-27b,baseline,baseline,0.7,neutral,3,none,0,none,0,20260503_002624,1,7,B9,buyer,bid,12,13,True,12,S4,1
2,43,gemma3-27b,baseline,baseline,0.7,neutral,3,none,0,none,0,20260503_002624,2,1,B20,buyer,bid,7,8,False,,,
2,43,gemma3-27b,baseline,baseline,0.7,neutral,3,none,0,none,0,20260503_002624,2,1,S1,seller,ask,13,12,False,,,
2,43,gemma3-27b,baseline,baseline,0.7,neutral,3,none,0,none,0,20260503_002624,2,1,B13,buyer,bid,8,20,False,,,
2,43,gemma3-27b,baseline,baseline,0.7,neutral,3,none,0,none,0,20260503_002624,2,1,B16,buyer,bid,14,17,True,13,S1,4
2,43,gemma3-27b,baseline,baseline,0.7,neutral,3,none,0,none,0,20260503_002624,2,1,B8,buyer,bid,14,15,False,,,
2,43,gemma3-27b,baseline,baseline,0.7,neutral,3,none,0,none,0,20260503_002624,2,1,B15,buyer,bid,15,15,False,,,
2,43,gemma3-27b,baseline,baseline,0.7,neutral,3,none,0,none,0,20260503_002624,2,1,B9,buyer,bid,16,20,False,,,
2,43,gemma3-27b,baseline,baseline,0.7,neutral,3,none,0,none,0,20260503_002624,2,1,S2,seller,ask,13,12,True,16,B9,4
2,43,gemma3-27b,baseline,baseline,0.7,neutral,3,none,0,none,0,20260503_002624,2,1,B17,buyer,bid,17,17,False,,,
2,43,gemma3-27b,baseline,baseline,0.7,neutral,3,none,0,none,0,20260503_002624,2,1,S4,seller,ask,16,12,True,17,B17,5
2,43,gemma3-27b,baseline,baseline,0.7,neutral,3,none,0,none,0,20260503_002624,2,1,B18,buyer,bid,18,20,False,,,
2,43,gemma3-27b,baseline,baseline,0.7,neutral,3,none,0,none,0,20260503_002624,2,1,S3,seller,ask,16,12,True,18,B18,6
2,43,gemma3-27b,baseline,baseline,0.7,neutral,3,none,0,none,0,20260503_002624,2,1,B10,buyer,bid,0,0,False,,,
2,43,gemma3-27b,baseline,baseline,0.7,neutral,3,none,0,none,0,20260503_002624,2,1,B11,buyer,bid,19,20,False,,,
2,43,gemma3-27b,baseline,baseline,0.7,neutral,3,none,0,none,0,20260503_002624,2,2,B11,buyer,bid,20,20,False,,,
2,43,gemma3-27b,baseline,baseline,0.7,neutral,3,none,0,none,0,20260503_002624,2,2,B20,buyer,bid,8,8,False,,,
2,43,gemma3-27b,baseline,baseline,0.7,neutral,3,none,0,none,0,20260503_002624,2,2,B5,buyer,bid,17,17,False,,,
2,43,gemma3-27b,baseline,baseline,0.7,neutral,3,none,0,none,0,20260503_002624,2,2,B23,buyer,bid,8,8,False,,,
2,43,gemma3-27b,baseline,baseline,0.7,neutral,3,none,0,none,0,20260503_002624,2,2,B19,buyer,bid,8,8,False,,,
2,43,gemma3-27b,baseline,baseline,0.7,neutral,3,none,0,none,0,20260503_002624,2,2,B22,buyer,bid,12,13,False,,,
2,43,gemma3-27b,baseline,baseline,0.7,neutral,3,none,0,none,0,20260503_002624,2,2,B7,buyer,bid,13,13,False,,,
2,43,gemma3-27b,baseline,baseline,0.7,neutral,3,none,0,none,0,20260503_002624,2,2,B13,buyer,bid,9,20,False,,,
2,43,gemma3-27b,baseline,baseline,0.7,neutral,3,none,0,none,0,20260503_002624,2,2,S2,seller,ask,15,12,True,20,B11,8
2,43,gemma3-27b,baseline,baseline,0.7,neutral,3,none,0,none,0,20260503_002624,2,2,B2,buyer,bid,17,17,False,,,
2,43,gemma3-27b,baseline,baseline,0.7,neutral,3,none,0,none,0,20260503_002624,2,2,S1,seller,ask,14,12,True,17,B2,5
2,43,gemma3-27b,baseline,baseline,0.7,neutral,3,none,0,none,0,20260503_002624,2,2,B15,buyer,bid,14,15,False,,,
2,43,gemma3-27b,baseline,baseline,0.7,neutral,3,none,0,none,0,20260503_002624,2,2,S3,seller,ask,17,12,False,,,
2,43,gemma3-27b,baseline,baseline,0.7,neutral,3,none,0,none,0,20260503_002624,2,2,B8,buyer,bid,15,15,False,,,
2,43,gemma3-27b,baseline,baseline,0.7,neutral,3,none,0,none,0,20260503_002624,2,2,S4,seller,ask,16,12,False,,,
2,43,gemma3-27b,baseline,baseline,0.7,neutral,3,none,0,none,0,20260503_002624,2,2,B24,buyer,bid,7,8,False,,,
2,43,gemma3-27b,baseline,baseline,0.7,neutral,3,none,0,none,0,20260503_002624,2,2,B14,buyer,bid,15,15,False,,,
2,43,gemma3-27b,baseline,baseline,0.7,neutral,3,none,0,none,0,20260503_002624,2,2,B4,buyer,bid,13,13,False,,,
2,43,gemma3-27b,baseline,baseline,0.7,neutral,3,none,0,none,0,20260503_002624,2,3,S1,seller,ask,15,12,True,15,B8,3
2,43,gemma3-27b,baseline,baseline,0.7,neutral,3,none,0,none,0,20260503_002624,2,3,B15,buyer,bid,15,15,False,,,
2,43,gemma3-27b,baseline,baseline,0.7,neutral,3,none,0,none,0,20260503_002624,2,3,S3,seller,ask,15,12,True,15,B15,3
2,43,gemma3-27b,baseline,baseline,0.7,neutral,3,none,0,none,0,20260503_002624,2,3,B24,buyer,bid,8,8,False,,,
2,43,gemma3-27b,baseline,baseline,0.7,neutral,3,none,0,none,0,20260503_002624,2,3,B6,buyer,bid,13,13,False,,,
2,43,gemma3-27b,baseline,baseline,0.7,neutral,3,none,0,none,0,20260503_002624,2,3,S2,seller,ask,14,12,False,,,
2,43,gemma3-27b,baseline,baseline,0.7,neutral,3,none,0,none,0,20260503_002624,2,3,S4,seller,ask,15,12,False,,,
2,43,gemma3-27b,baseline,baseline,0.7,neutral,3,none,0,none,0,20260503_002624,2,3,B13,buyer,bid,14,20,True,14,S2,6
2,43,gemma3-27b,baseline,baseline,0.7,neutral,3,none,0,none,0,20260503_002624,2,3,B12,buyer,bid,15,15,False,,,
2,43,gemma3-27b,baseline,baseline,0.7,neutral,3,none,0,none,0,20260503_002624,2,4,B23,buyer,bid,8,8,False,,,
2,43,gemma3-27b,baseline,baseline,0.7,neutral,3,none,0,none,0,20260503_002624,2,4,S3,seller,ask,14,12,True,15,B12,3
2,43,gemma3-27b,baseline,baseline,0.7,neutral,3,none,0,none,0,20260503_002624,2,4,B7,buyer,bid,13,13,False,,,
2,43,gemma3-27b,baseline,baseline,0.7,neutral,3,none,0,none,0,20260503_002624,2,4,B4,buyer,bid,13,13,False,,,
2,43,gemma3-27b,baseline,baseline,0.7,neutral,3,none,0,none,0,20260503_002624,2,4,B19,buyer,bid,8,8,False,,,
2,43,gemma3-27b,baseline,baseline,0.7,neutral,3,none,0,none,0,20260503_002624,2,4,B14,buyer,bid,14,15,False,,,
2,43,gemma3-27b,baseline,baseline,0.7,neutral,3,none,0,none,0,20260503_002624,2,4,S1,seller,ask,16,12,False,,,
2,43,gemma3-27b,baseline,baseline,0.7,neutral,3,none,0,none,0,20260503_002624,2,4,B22,buyer,bid,13,13,False,,,
2,43,gemma3-27b,baseline,baseline,0.7,neutral,3,none,0,none,0,20260503_002624,2,4,S4,seller,ask,14,12,True,14,B14,2
2,43,gemma3-27b,baseline,baseline,0.7,neutral,3,none,0,none,0,20260503_002624,2,4,B1,buyer,bid,0,0,False,,,
2,43,gemma3-27b,baseline,baseline,0.7,neutral,3,none,0,none,0,20260503_002624,2,4,B5,buyer,bid,16,17,False,,,
2,43,gemma3-27b,baseline,baseline,0.7,neutral,3,none,0,none,0,20260503_002624,2,4,S2,seller,ask,13,12,True,16,B5,4
2,43,gemma3-27b,baseline,baseline,0.7,neutral,3,none,0,none,0,20260503_002624,2,5,S4,seller,ask,13,12,False,,,
2,43,gemma3-27b,baseline,baseline,0.7,neutral,3,none,0,none,0,20260503_002624,2,5,B20,buyer,bid,7,8,False,,,
2,43,gemma3-27b,baseline,baseline,0.7,neutral,3,none,0,none,0,20260503_002624,2,5,B24,buyer,bid,7,8,False,,,
2,43,gemma3-27b,baseline,baseline,0.7,neutral,3,none,0,none,0,20260503_002624,2,5,S1,seller,ask,17,12,False,,,
2,43,gemma3-27b,baseline,baseline,0.7,neutral,3,none,0,none,0,20260503_002624,2,5,S2,seller,ask,12,12,False,,,
2,43,gemma3-27b,baseline,baseline,0.7,neutral,3,none,0,none,0,20260503_002624,2,5,B23,buyer,bid,8,8,False,,,
2,43,gemma3-27b,baseline,baseline,0.7,neutral,3,none,0,none,0,20260503_002624,2,5,S3,seller,ask,13,12,False,,,
2,43,gemma3-27b,baseline,baseline,0.7,neutral,3,none,0,none,0,20260503_002624,2,5,B4,buyer,bid,12,13,True,12,S2,1
2,43,gemma3-27b,baseline,baseline,0.7,neutral,3,none,0,none,0,20260503_002624,2,6,S4,seller,ask,12,12,False,,,
2,43,gemma3-27b,baseline,baseline,0.7,neutral,3,none,0,none,0,20260503_002624,2,6,S2,seller,ask,13,12,False,,,
2,43,gemma3-27b,baseline,baseline,0.7,neutral,3,none,0,none,0,20260503_002624,2,6,S1,seller,ask,18,12,False,,,
2,43,gemma3-27b,baseline,baseline,0.7,neutral,3,none,0,none,0,20260503_002624,2,6,B19,buyer,bid,8,8,False,,,
2,43,gemma3-27b,baseline,baseline,0.7,neutral,3,none,0,none,0,20260503_002624,2,6,B22,buyer,bid,12,13,True,12,S4,1
2,43,gemma3-27b,baseline,baseline,0.7,neutral,3,none,0,none,0,20260503_002624,2,6,B24,buyer,bid,8,8,False,,,
2,43,gemma3-27b,baseline,baseline,0.7,neutral,3,none,0,none,0,20260503_002624,2,6,S3,seller,ask,12,12,False,,,
2,43,gemma3-27b,baseline,baseline,0.7,neutral,3,none,0,none,0,20260503_002624,2,6,B20,buyer,bid,8,8,False,,,
2,43,gemma3-27b,baseline,baseline,0.7,neutral,3,none,0,none,0,20260503_002624,2,7,B6,buyer,bid,12,13,True,12,S3,1
2,43,gemma3-27b,baseline,baseline,0.7,neutral,3,none,0,none,0,20260503_002624,2,7,S1,seller,ask,12,12,False,,,
2,43,gemma3-27b,baseline,baseline,0.7,neutral,3,none,0,none,0,20260503_002624,2,8,S3,seller,ask,12,12,False,,,
2,43,gemma3-27b,baseline,baseline,0.7,neutral,3,none,0,none,0,20260503_002624,2,8,S1,seller,ask,13,12,False,,,
2,43,gemma3-27b,baseline,baseline,0.7,neutral,3,none,0,none,0,20260503_002624,2,8,S2,seller,ask,12,12,False,,,
2,43,gemma3-27b,baseline,baseline,0.7,neutral,3,none,0,none,0,20260503_002624,2,8,B7,buyer,bid,12,13,True,12,S1,1
2,43,gemma3-27b,baseline,baseline,0.7,neutral,3,none,0,none,0,20260503_002624,2,8,S4,seller,ask,12,12,False,,,
2,43,gemma3-27b,baseline,baseline,0.7,neutral,3,none,0,none,0,20260503_002624,3,1,S1,seller,ask,13,12,False,,,
2,43,gemma3-27b,baseline,baseline,0.7,neutral,3,none,0,none,0,20260503_002624,3,1,B21,buyer,bid,14,15,True,13,S1,2
2,43,gemma3-27b,baseline,baseline,0.7,neutral,3,none,0,none,0,20260503_002624,3,1,B5,buyer,bid,12,13,False,,,
2,43,gemma3-27b,baseline,baseline,0.7,neutral,3,none,0,none,0,20260503_002624,3,1,B1,buyer,bid,13,13,False,,,
2,43,gemma3-27b,baseline,baseline,0.7,neutral,3,none,0,none,0,20260503_002624,3,1,B16,buyer,bid,14,15,False,,,
2,43,gemma3-27b,baseline,baseline,0.7,neutral,3,none,0,none,0,20260503_002624,3,1,S3,seller,ask,13,12,True,14,B16,2
2,43,gemma3-27b,baseline,baseline,0.7,neutral,3,none,0,none,0,20260503_002624,3,1,B24,buyer,bid,15,20,False,,,
2,43,gemma3-27b,baseline,baseline,0.7,neutral,3,none,0,none,0,20260503_002624,3,1,B4,buyer,bid,16,17,False,,,
2,43,gemma3-27b,baseline,baseline,0.7,neutral,3,none,0,none,0,20260503_002624,3,1,S2,seller,ask,15,12,True,16,B4,4
2,43,gemma3-27b,baseline,baseline,0.7,neutral,3,none,0,none,0,20260503_002624,3,1,B2,buyer,bid,18,20,False,,,
2,43,gemma3-27b,baseline,baseline,0.7,neutral,3,none,0,none,0,20260503_002624,3,1,B13,buyer,bid,7,8,False,,,
2,43,gemma3-27b,baseline,baseline,0.7,neutral,3,none,0,none,0,20260503_002624,3,1,B23,buyer,bid,19,20,False,,,
2,43,gemma3-27b,baseline,baseline,0.7,neutral,3,none,0,none,0,20260503_002624,3,1,B6,buyer,bid,20,20,False,,,
2,43,gemma3-27b,baseline,baseline,0.7,neutral,3,none,0,none,0,20260503_002624,3,1,B15,buyer,bid,16,17,False,,,
2,43,gemma3-27b,baseline,baseline,0.7,neutral,3,none,0,none,0,20260503_002624,3,1,B7,buyer,bid,7,8,False,,,
2,43,gemma3-27b,baseline,baseline,0.7,neutral,3,none,0,none,0,20260503_002624,3,1,S4,seller,ask,15,12,True,20,B6,8
2,43,gemma3-27b,baseline,baseline,0.7,neutral,3,none,0,none,0,20260503_002624,3,1,B14,buyer,bid,17,17,False,,,
2,43,gemma3-27b,baseline,baseline,0.7,neutral,3,none,0,none,0,20260503_002624,3,2,S2,seller,ask,15,12,True,17,B14,5
2,43,gemma3-27b,baseline,baseline,0.7,neutral,3,none,0,none,0,20260503_002624,3,2,B5,buyer,bid,13,13,False,,,
2,43,gemma3-27b,baseline,baseline,0.7,neutral,3,none,0,none,0,20260503_002624,3,2,B22,buyer,bid,13,13,False,,,
2,43,gemma3-27b,baseline,baseline,0.7,neutral,3,none,0,none,0,20260503_002624,3,2,B10,buyer,bid,17,17,False,,,
2,43,gemma3-27b,baseline,baseline,0.7,neutral,3,none,0,none,0,20260503_002624,3,2,S1,seller,ask,14,12,True,17,B10,5
2,43,gemma3-27b,baseline,baseline,0.7,neutral,3,none,0,none,0,20260503_002624,3,2,B19,buyer,bid,8,8,False,,,
2,43,gemma3-27b,baseline,baseline,0.7,neutral,3,none,0,none,0,20260503_002624,3,2,S3,seller,ask,13,12,False,,,
2,43,gemma3-27b,baseline,baseline,0.7,neutral,3,none,0,none,0,20260503_002624,3,2,B2,buyer,bid,19,20,True,13,S3,7
2,43,gemma3-27b,baseline,baseline,0.7,neutral,3,none,0,none,0,20260503_002624,3,2,B18,buyer,bid,15,15,False,,,
2,43,gemma3-27b,baseline,baseline,0.7,neutral,3,none,0,none,0,20260503_002624,3,2,B23,buyer,bid,20,20,False,,,
2,43,gemma3-27b,baseline,baseline,0.7,neutral,3,none,0,none,0,20260503_002624,3,2,S4,seller,ask,18,12,True,20,B23,8
2,43,gemma3-27b,baseline,baseline,0.7,neutral,3,none,0,none,0,20260503_002624,3,2,B24,buyer,bid,16,20,False,,,
2,43,gemma3-27b,baseline,baseline,0.7,neutral,3,none,0,none,0,20260503_002624,3,3,B24,buyer,bid,17,20,False,,,
2,43,gemma3-27b,baseline,baseline,0.7,neutral,3,none,0,none,0,20260503_002624,3,3,S1,seller,ask,15,12,True,17,B24,5
2,43,gemma3-27b,baseline,baseline,0.7,neutral,3,none,0,none,0,20260503_002624,3,3,B13,buyer,bid,8,8,False,,,
2,43,gemma3-27b,baseline,baseline,0.7,neutral,3,none,0,none,0,20260503_002624,3,3,B15,buyer,bid,17,17,False,,,
2,43,gemma3-27b,baseline,baseline,0.7,neutral,3,none,0,none,0,20260503_002624,3,3,S2,seller,ask,14,12,True,17,B15,5
2,43,gemma3-27b,baseline,baseline,0.7,neutral,3,none,0,none,0,20260503_002624,3,3,B1,buyer,bid,13,13,False,,,
2,43,gemma3-27b,baseline,baseline,0.7,neutral,3,none,0,none,0,20260503_002624,3,3,S3,seller,ask,12,12,True,13,B1,1
2,43,gemma3-27b,baseline,baseline,0.7,neutral,3,none,0,none,0,20260503_002624,3,3,S4,seller,ask,17,12,False,,,
2,43,gemma3-27b,baseline,baseline,0.7,neutral,3,none,0,none,0,20260503_002624,3,3,B3,buyer,bid,13,13,False,,,
2,43,gemma3-27b,baseline,baseline,0.7,neutral,3,none,0,none,0,20260503_002624,3,3,B11,buyer,bid,14,15,False,,,
2,43,gemma3-27b,baseline,baseline,0.7,neutral,3,none,0,none,0,20260503_002624,3,3,B8,buyer,bid,7,8,False,,,
2,43,gemma3-27b,baseline,baseline,0.7,neutral,3,none,0,none,0,20260503_002624,3,4,S2,seller,ask,13,12,True,14,B11,2
2,43,gemma3-27b,baseline,baseline,0.7,neutral,3,none,0,none,0,20260503_002624,3,4,S1,seller,ask,16,12,False,,,
2,43,gemma3-27b,baseline,baseline,0.7,neutral,3,none,0,none,0,20260503_002624,3,4,B5,buyer,bid,13,13,False,,,
2,43,gemma3-27b,baseline,baseline,0.7,neutral,3,none,0,none,0,20260503_002624,3,4,B22,buyer,bid,13,13,False,,,
2,43,gemma3-27b,baseline,baseline,0.7,neutral,3,none,0,none,0,20260503_002624,3,4,S3,seller,ask,12,12,True,13,B5,1
2,43,gemma3-27b,baseline,baseline,0.7,neutral,3,none,0,none,0,20260503_002624,3,4,B7,buyer,bid,8,8,False,,,
2,43,gemma3-27b,baseline,baseline,0.7,neutral,3,none,0,none,0,20260503_002624,3,4,S4,seller,ask,16,12,False,,,
2,43,gemma3-27b,baseline,baseline,0.7,neutral,3,none,0,none,0,20260503_002624,3,5,S4,seller,ask,15,12,False,,,
2,43,gemma3-27b,baseline,baseline,0.7,neutral,3,none,0,none,0,20260503_002624,3,5,S1,seller,ask,15,12,False,,,
2,43,gemma3-27b,baseline,baseline,0.7,neutral,3,none,0,none,0,20260503_002624,3,5,S3,seller,ask,12,12,False,,,
2,43,gemma3-27b,baseline,baseline,0.7,neutral,3,none,0,none,0,20260503_002624,3,5,S2,seller,ask,12,12,False,,,
2,43,gemma3-27b,baseline,baseline,0.7,neutral,3,none,0,none,0,20260503_002624,3,6,B8,buyer,bid,8,8,False,,,
2,43,gemma3-27b,baseline,baseline,0.7,neutral,3,none,0,none,0,20260503_002624,3,6,B22,buyer,bid,13,13,True,12,S3,1
2,43,gemma3-27b,baseline,baseline,0.7,neutral,3,none,0,none,0,20260503_002624,3,6,S3,seller,ask,12,12,False,,,
2,43,gemma3-27b,baseline,baseline,0.7,neutral,3,none,0,none,0,20260503_002624,3,6,S4,seller,ask,14,12,False,,,
2,43,gemma3-27b,baseline,baseline,0.7,neutral,3,none,0,none,0,20260503_002624,3,6,S1,seller,ask,14,12,False,,,
2,43,gemma3-27b,baseline,baseline,0.7,neutral,3,none,0,none,0,20260503_002624,3,7,S3,seller,ask,12,12,False,,,
2,43,gemma3-27b,baseline,baseline,0.7,neutral,3,none,0,none,0,20260503_002624,3,7,B18,buyer,bid,13,15,True,12,S3,3
2,43,gemma3-27b,baseline,baseline,0.7,neutral,3,none,0,none,0,20260503_002624,3,7,S1,seller,ask,13,12,False,,,
2,43,gemma3-27b,baseline,baseline,0.7,neutral,3,none,0,none,0,20260503_002624,3,7,S4,seller,ask,13,12,False,,,
2,43,gemma3-27b,baseline,baseline,0.7,neutral,3,none,0,none,0,20260503_002624,3,7,S2,seller,ask,13,12,False,,,
2,43,gemma3-27b,baseline,baseline,0.7,neutral,3,none,0,none,0,20260503_002624,3,8,S1,seller,ask,12,12,False,,,
2,43,gemma3-27b,baseline,baseline,0.7,neutral,3,none,0,none,0,20260503_002624,3,8,S3,seller,ask,12,12,False,,,
2,43,gemma3-27b,baseline,baseline,0.7,neutral,3,none,0,none,0,20260503_002624,3,9,S2,seller,ask,12,12,False,,,
2,43,gemma3-27b,baseline,baseline,0.7,neutral,3,none,0,none,0,20260503_002624,3,10,S4,seller,ask,12,12,False,,,
2,43,gemma3-27b,baseline,baseline,0.7,neutral,3,none,0,none,0,20260503_002624,3,10,S3,seller,ask,12,12,False,,,
2,43,gemma3-27b,baseline,baseline,0.7,neutral,3,none,0,none,0,20260503_002624,3,11,B3,buyer,bid,12,13,True,12,S1,1
2,43,gemma3-27b,baseline,baseline,0.7,neutral,3,none,0,none,0,20260503_002624,3,11,S2,seller,ask,13,12,False,,,
2,43,gemma3-27b,baseline,baseline,0.7,neutral,3,none,0,none,0,20260503_002624,3,11,S4,seller,ask,13,12,False,,,
3,44,gemma3-27b,baseline,baseline,0.7,neutral,3,none,0,none,0,20260503_002624,1,1,B20,buyer,bid,10,17,False,,,
3,44,gemma3-27b,baseline,baseline,0.7,neutral,3,none,0,none,0,20260503_002624,1,1,B24,buyer,bid,11,13,False,,,
3,44,gemma3-27b,baseline,baseline,0.7,neutral,3,none,0,none,0,20260503_002624,1,1,B21,buyer,bid,12,20,False,,,
3,44,gemma3-27b,baseline,baseline,0.7,neutral,3,none,0,none,0,20260503_002624,1,1,B9,buyer,bid,13,15,False,,,
3,44,gemma3-27b,baseline,baseline,0.7,neutral,3,none,0,none,0,20260503_002624,1,1,B10,buyer,bid,14,20,False,,,
3,44,gemma3-27b,baseline,baseline,0.7,neutral,3,none,0,none,0,20260503_002624,1,1,B17,buyer,bid,15,15,False,,,
3,44,gemma3-27b,baseline,baseline,0.7,neutral,3,none,0,none,0,20260503_002624,1,1,B14,buyer,bid,16,20,False,,,
3,44,gemma3-27b,baseline,baseline,0.7,neutral,3,none,0,none,0,20260503_002624,1,1,B3,buyer,bid,7,8,False,,,
3,44,gemma3-27b,baseline,baseline,0.7,neutral,3,none,0,none,0,20260503_002624,1,1,S1,seller,ask,16,12,True,16,B14,4
3,44,gemma3-27b,baseline,baseline,0.7,neutral,3,none,0,none,0,20260503_002624,1,1,S2,seller,ask,16,12,False,,,
3,44,gemma3-27b,baseline,baseline,0.7,neutral,3,none,0,none,0,20260503_002624,1,1,B18,buyer,bid,17,17,True,16,S2,1
3,44,gemma3-27b,baseline,baseline,0.7,neutral,3,none,0,none,0,20260503_002624,1,1,B23,buyer,bid,7,8,False,,,
3,44,gemma3-27b,baseline,baseline,0.7,neutral,3,none,0,none,0,20260503_002624,1,1,B13,buyer,bid,0,0,False,,,
3,44,gemma3-27b,baseline,baseline,0.7,neutral,3,none,0,none,0,20260503_002624,1,1,S4,seller,ask,15,12,False,,,
3,44,gemma3-27b,baseline,baseline,0.7,neutral,3,none,0,none,0,20260503_002624,1,1,B2,buyer,bid,8,15,False,,,
3,44,gemma3-27b,baseline,baseline,0.7,neutral,3,none,0,none,0,20260503_002624,1,1,B16,buyer,bid,17,20,True,15,S4,5
3,44,gemma3-27b,baseline,baseline,0.7,neutral,3,none,0,none,0,20260503_002624,1,1,B6,buyer,bid,17,17,False,,,
3,44,gemma3-27b,baseline,baseline,0.7,neutral,3,none,0,none,0,20260503_002624,1,1,S3,seller,ask,14,12,True,17,B6,5
3,44,gemma3-27b,baseline,baseline,0.7,neutral,3,none,0,none,0,20260503_002624,1,2,B5,buyer,bid,13,13,False,,,
3,44,gemma3-27b,baseline,baseline,0.7,neutral,3,none,0,none,0,20260503_002624,1,2,B1,buyer,bid,14,15,False,,,
3,44,gemma3-27b,baseline,baseline,0.7,neutral,3,none,0,none,0,20260503_002624,1,2,B21,buyer,bid,15,20,False,,,
3,44,gemma3-27b,baseline,baseline,0.7,neutral,3,none,0,none,0,20260503_002624,1,2,B20,buyer,bid,16,17,False,,,
3,44,gemma3-27b,baseline,baseline,0.7,neutral,3,none,0,none,0,20260503_002624,1,2,B23,buyer,bid,8,8,False,,,
3,44,gemma3-27b,baseline,baseline,0.7,neutral,3,none,0,none,0,20260503_002624,1,2,B2,buyer,bid,9,15,False,,,
3,44,gemma3-27b,baseline,baseline,0.7,neutral,3,none,0,none,0,20260503_002624,1,2,B10,buyer,bid,17,20,False,,,
3,44,gemma3-27b,baseline,baseline,0.7,neutral,3,none,0,none,0,20260503_002624,1,2,S2,seller,ask,15,12,True,17,B10,5
3,44,gemma3-27b,baseline,baseline,0.7,neutral,3,none,0,none,0,20260503_002624,1,2,B22,buyer,bid,7,8,False,,,
3,44,gemma3-27b,baseline,baseline,0.7,neutral,3,none,0,none,0,20260503_002624,1,2,S1,seller,ask,15,12,False,,,
3,44,gemma3-27b,baseline,baseline,0.7,neutral,3,none,0,none,0,20260503_002624,1,2,B19,buyer,bid,13,13,False,,,
3,44,gemma3-27b,baseline,baseline,0.7,neutral,3,none,0,none,0,20260503_002624,1,2,B7,buyer,bid,8,8,False,,,
3,44,gemma3-27b,baseline,baseline,0.7,neutral,3,none,0,none,0,20260503_002624,1,2,B12,buyer,bid,13,13,False,,,
